Paziente,Controllore,CHO [g],TIR [%],TAR [%],TBR [%],TBR_Tardivo (3-6h) [%],Picco [mg/dL],Nadir [mg/dL]
adult#001,PID,30,65.62,0.94,33.44,100.0,183.1,39.0
adult#001,IOB,30,77.19,0.0,22.81,81.97,172.8,45.3
adult#001,PID,60,54.69,11.88,33.44,100.0,214.3,39.0
adult#001,IOB,60,62.81,14.37,22.81,81.97,204.8,45.3
adult#001,PID,90,50.94,15.62,33.44,100.0,235.7,39.0
adult#001,IOB,90,59.38,17.81,22.81,81.97,236.4,45.3
adult#002,PID,60,99.38,0.62,0.0,0.0,180.8,71.7
adult#002,IOB,60,100.0,0.0,0.0,0.0,156.1,76.4
adult#003,PID,60,43.12,14.37,42.5,9.84,233.6,39.0
adult#003,IOB,60,74.69,0.0,25.31,0.0,173.1,44.5
